Issue ID,Description,State,Severity,Story Points,Project Path,Location Kind,Path,Line,Column,Incident ID,Help Link,Assembly Name,Assembly Version,Assembly Public Key,Snippet
NuGet.0002,NuGet package upgrade is recommended,Active,Potential,1,src\EFCore.MySql\EFCore.MySql.csproj,File,src\EFCore.MySql\EFCore.MySql.csproj,,,Microsoft.EntityFrameworkCore.Relational 9.0.0,,,,,"Microsoft.EntityFrameworkCore.Relational, 9.0.0  Recommendation:  Remove Microsoft.EntityFrameworkCore.Relational, and replace with new package Microsoft.EntityFrameworkCore.Relational 10.0.5"
Project.0002,Project's target framework(s) needs to be changed,Active,Mandatory,1,src\EFCore.MySql\EFCore.MySql.csproj,File,src\EFCore.MySql\EFCore.MySql.csproj,,,,,,,,Current target framework: net8.0 Recommended target framework: net10.0
NuGet.0002,NuGet package upgrade is recommended,Active,Potential,1,test\EFCore.MySql.FunctionalTests\EFCore.MySql.FunctionalTests.csproj,File,test\EFCore.MySql.FunctionalTests\EFCore.MySql.FunctionalTests.csproj,,,Microsoft.Extensions.Configuration.Binder 9.0.0,,,,,"Microsoft.Extensions.Configuration.Binder, 9.0.0  Recommendation:  Remove Microsoft.Extensions.Configuration.Binder, and replace with new package Microsoft.Extensions.Configuration.Binder 10.0.5"
NuGet.0002,NuGet package upgrade is recommended,Active,Potential,1,test\EFCore.MySql.FunctionalTests\EFCore.MySql.FunctionalTests.csproj,File,test\EFCore.MySql.FunctionalTests\EFCore.MySql.FunctionalTests.csproj,,,Microsoft.Extensions.Configuration.EnvironmentVariables 9.0.0,,,,,"Microsoft.Extensions.Configuration.EnvironmentVariables, 9.0.0  Recommendation:  Remove Microsoft.Extensions.Configuration.EnvironmentVariables, and replace with new package Microsoft.Extensions.Configuration.EnvironmentVariables 10.0.5"
NuGet.0002,NuGet package upgrade is recommended,Active,Potential,1,test\EFCore.MySql.FunctionalTests\EFCore.MySql.FunctionalTests.csproj,File,test\EFCore.MySql.FunctionalTests\EFCore.MySql.FunctionalTests.csproj,,,Microsoft.Extensions.Configuration.FileExtensions 9.0.0,,,,,"Microsoft.Extensions.Configuration.FileExtensions, 9.0.0  Recommendation:  Remove Microsoft.Extensions.Configuration.FileExtensions, and replace with new package Microsoft.Extensions.Configuration.FileExtensions 10.0.5"
NuGet.0002,NuGet package upgrade is recommended,Active,Potential,1,test\EFCore.MySql.FunctionalTests\EFCore.MySql.FunctionalTests.csproj,File,test\EFCore.MySql.FunctionalTests\EFCore.MySql.FunctionalTests.csproj,,,Microsoft.Extensions.Configuration.Json 9.0.0,,,,,"Microsoft.Extensions.Configuration.Json, 9.0.0  Recommendation:  Remove Microsoft.Extensions.Configuration.Json, and replace with new package Microsoft.Extensions.Configuration.Json 10.0.5"
NuGet.0002,NuGet package upgrade is recommended,Active,Potential,1,test\EFCore.MySql.FunctionalTests\EFCore.MySql.FunctionalTests.csproj,File,test\EFCore.MySql.FunctionalTests\EFCore.MySql.FunctionalTests.csproj,,,Microsoft.EntityFrameworkCore 9.0.0,,,,,"Microsoft.EntityFrameworkCore, 9.0.0  Recommendation:  Remove Microsoft.EntityFrameworkCore, and replace with new package Microsoft.EntityFrameworkCore 10.0.5"
NuGet.0002,NuGet package upgrade is recommended,Active,Potential,1,test\EFCore.MySql.FunctionalTests\EFCore.MySql.FunctionalTests.csproj,File,test\EFCore.MySql.FunctionalTests\EFCore.MySql.FunctionalTests.csproj,,,Microsoft.EntityFrameworkCore.Relational 9.0.0,,,,,"Microsoft.EntityFrameworkCore.Relational, 9.0.0  Recommendation:  Remove Microsoft.EntityFrameworkCore.Relational, and replace with new package Microsoft.EntityFrameworkCore.Relational 10.0.5"
NuGet.0002,NuGet package upgrade is recommended,Active,Potential,1,test\EFCore.MySql.FunctionalTests\EFCore.MySql.FunctionalTests.csproj,File,test\EFCore.MySql.FunctionalTests\EFCore.MySql.FunctionalTests.csproj,,,Microsoft.EntityFrameworkCore.Relational.Specification.Tests 9.0.0,,,,,"Microsoft.EntityFrameworkCore.Relational.Specification.Tests, 9.0.0  Recommendation:  Remove Microsoft.EntityFrameworkCore.Relational.Specification.Tests, and replace with new package Microsoft.EntityFrameworkCore.Relational.Specification.Tests 10.0.5"
NuGet.0002,NuGet package upgrade is recommended,Active,Potential,1,test\EFCore.MySql.FunctionalTests\EFCore.MySql.FunctionalTests.csproj,File,test\EFCore.MySql.FunctionalTests\EFCore.MySql.FunctionalTests.csproj,,,Microsoft.EntityFrameworkCore.Design 9.0.0,,,,,"Microsoft.EntityFrameworkCore.Design, 9.0.0  Recommendation:  Remove Microsoft.EntityFrameworkCore.Design, and replace with new package Microsoft.EntityFrameworkCore.Design 10.0.5"
Project.0002,Project's target framework(s) needs to be changed,Active,Mandatory,1,test\EFCore.MySql.FunctionalTests\EFCore.MySql.FunctionalTests.csproj,File,test\EFCore.MySql.FunctionalTests\EFCore.MySql.FunctionalTests.csproj,,,,,,,,Current target framework: net9.0 Recommended target framework: net10.0
Api.0002,Source incompatible for selected .NET version,Active,Potential,1,test\EFCore.MySql.FunctionalTests\EFCore.MySql.FunctionalTests.csproj,File,test\EFCore.MySql.FunctionalTests\Update\StoredProcedureUpdateMySqlTest.cs,637,8,M:System.TimeSpan.FromMilliseconds(System.Double),,,,,"foreach (var batch in                   new Regex(@""[\r\n\s]*(?:\r|\n)GO;?[\r\n\s]*"", RegexOptions.IgnoreCase | RegexOptions.Singleline, TimeSpan.FromMilliseconds(1000.0))                       .Split(createSprocSql).Where(b => !string.IsNullOrEmpty(b)))          {              await context.Database.ExecuteSqlRawAsync(batch);          }"
Api.0003,Behavioral change in selected .NET version,Active,Potential,1,test\EFCore.MySql.FunctionalTests\EFCore.MySql.FunctionalTests.csproj,File,test\EFCore.MySql.FunctionalTests\Storage\MySqlJsonMicrosoftTypeMappingTest.cs,57,28,T:System.Text.Json.JsonDocument,,,,,"JsonDocument.Parse(@""{""""Name"""":""""Joe"""",""""Age"""":25}"")"
Api.0003,Behavioral change in selected .NET version,Active,Potential,1,test\EFCore.MySql.FunctionalTests\EFCore.MySql.FunctionalTests.csproj,File,test\EFCore.MySql.FunctionalTests\Storage\MySqlJsonMicrosoftTypeMappingTest.cs,57,28,T:System.Text.Json.JsonDocument,,,,,"JsonDocument.Parse(@""{""""Name"""":""""Joe"""",""""Age"""":25}"")"
Api.0003,Behavioral change in selected .NET version,Active,Potential,1,test\EFCore.MySql.FunctionalTests\EFCore.MySql.FunctionalTests.csproj,File,test\EFCore.MySql.FunctionalTests\Storage\MySqlJsonMicrosoftTypeMappingTest.cs,51,28,T:System.Text.Json.JsonDocument,,,,,"JsonDocument.Parse(@""{""""Name"""":""""Joe"""",""""Age"""":25}"")"
Api.0003,Behavioral change in selected .NET version,Active,Potential,1,test\EFCore.MySql.FunctionalTests\EFCore.MySql.FunctionalTests.csproj,File,test\EFCore.MySql.FunctionalTests\Storage\MySqlJsonMicrosoftTypeMappingTest.cs,51,28,T:System.Text.Json.JsonDocument,,,,,"JsonDocument.Parse(@""{""""Name"""":""""Joe"""",""""Age"""":25}"")"
Api.0003,Behavioral change in selected .NET version,Active,Potential,1,test\EFCore.MySql.FunctionalTests\EFCore.MySql.FunctionalTests.csproj,File,test\EFCore.MySql.FunctionalTests\Storage\MySqlJsonMicrosoftTypeMappingTest.cs,43,12,T:System.Text.Json.JsonDocument,,,,,"var literal = Mapper.FindMapping(typeof(JsonElement), ""json"").GenerateSqlLiteral(JsonDocument.Parse(json).RootElement);"
Api.0003,Behavioral change in selected .NET version,Active,Potential,1,test\EFCore.MySql.FunctionalTests\EFCore.MySql.FunctionalTests.csproj,File,test\EFCore.MySql.FunctionalTests\Storage\MySqlJsonMicrosoftTypeMappingTest.cs,43,12,T:System.Text.Json.JsonDocument,,,,,"var literal = Mapper.FindMapping(typeof(JsonElement), ""json"").GenerateSqlLiteral(JsonDocument.Parse(json).RootElement);"
Api.0003,Behavioral change in selected .NET version,Active,Potential,1,test\EFCore.MySql.FunctionalTests\EFCore.MySql.FunctionalTests.csproj,File,test\EFCore.MySql.FunctionalTests\Storage\MySqlJsonMicrosoftTypeMappingTest.cs,35,12,T:System.Text.Json.JsonDocument,,,,,"var literal = Mapper.FindMapping(typeof(JsonDocument), ""json"").GenerateSqlLiteral(JsonDocument.Parse(json));"
Api.0003,Behavioral change in selected .NET version,Active,Potential,1,test\EFCore.MySql.FunctionalTests\EFCore.MySql.FunctionalTests.csproj,File,test\EFCore.MySql.FunctionalTests\Storage\MySqlJsonMicrosoftTypeMappingTest.cs,35,12,T:System.Text.Json.JsonDocument,,,,,"var literal = Mapper.FindMapping(typeof(JsonDocument), ""json"").GenerateSqlLiteral(JsonDocument.Parse(json));"
Api.0002,Source incompatible for selected .NET version,Active,Potential,1,test\EFCore.MySql.FunctionalTests\EFCore.MySql.FunctionalTests.csproj,File,test\EFCore.MySql.FunctionalTests\TestUtilities\MySqlTestStore.cs,232,20,M:System.TimeSpan.FromMilliseconds(System.Double),,,,,"foreach (var batch in                          new Regex(@""^/\*\s*GO\s*\*/"", RegexOptions.IgnoreCase | RegexOptions.Multiline, TimeSpan.FromMilliseconds(1000.0))                              .Split(script)                              .Where(b => !string.IsNullOrEmpty(b)))                      {                          command.CommandText = batch;                          command.ExecuteNonQuery();                      }"
Api.0003,Behavioral change in selected .NET version,Active,Potential,1,test\EFCore.MySql.FunctionalTests\EFCore.MySql.FunctionalTests.csproj,File,test\EFCore.MySql.FunctionalTests\Query\JsonMicrosoftDomQueryTest.cs,392,12,T:System.Text.Json.JsonDocument,,,,,"var element = JsonDocument.Parse(@""{""""Name"""": """"Joe"""", """"Age"""": 25}"").RootElement;"
Api.0003,Behavioral change in selected .NET version,Active,Potential,1,test\EFCore.MySql.FunctionalTests\EFCore.MySql.FunctionalTests.csproj,File,test\EFCore.MySql.FunctionalTests\Query\JsonMicrosoftDomQueryTest.cs,392,12,T:System.Text.Json.JsonDocument,,,,,"var element = JsonDocument.Parse(@""{""""Name"""": """"Joe"""", """"Age"""": 25}"").RootElement;"
Api.0003,Behavioral change in selected .NET version,Active,Potential,1,test\EFCore.MySql.FunctionalTests\EFCore.MySql.FunctionalTests.csproj,File,test\EFCore.MySql.FunctionalTests\Query\JsonMicrosoftDomQueryTest.cs,360,12,T:System.Text.Json.JsonDocument,,,,,"var element = JsonDocument.Parse(@""[3,-1]"").RootElement;"
Api.0003,Behavioral change in selected .NET version,Active,Potential,1,test\EFCore.MySql.FunctionalTests\EFCore.MySql.FunctionalTests.csproj,File,test\EFCore.MySql.FunctionalTests\Query\JsonMicrosoftDomQueryTest.cs,360,12,T:System.Text.Json.JsonDocument,,,,,"var element = JsonDocument.Parse(@""[3,-1]"").RootElement;"
Api.0003,Behavioral change in selected .NET version,Active,Potential,1,test\EFCore.MySql.FunctionalTests\EFCore.MySql.FunctionalTests.csproj,File,test\EFCore.MySql.FunctionalTests\Query\JsonMicrosoftDomQueryTest.cs,327,12,T:System.Text.Json.JsonDocument,,,,,"var element = JsonDocument.Parse(@""{""""Name"""": """"Joe"""", """"Age"""": -1}"").RootElement;"
Api.0003,Behavioral change in selected .NET version,Active,Potential,1,test\EFCore.MySql.FunctionalTests\EFCore.MySql.FunctionalTests.csproj,File,test\EFCore.MySql.FunctionalTests\Query\JsonMicrosoftDomQueryTest.cs,327,12,T:System.Text.Json.JsonDocument,,,,,"var element = JsonDocument.Parse(@""{""""Name"""": """"Joe"""", """"Age"""": -1}"").RootElement;"
Api.0003,Behavioral change in selected .NET version,Active,Potential,1,test\EFCore.MySql.FunctionalTests\EFCore.MySql.FunctionalTests.csproj,File,test\EFCore.MySql.FunctionalTests\Query\JsonMicrosoftDomQueryTest.cs,122,12,T:System.Text.Json.JsonDocument,,,,,"var x = ctx.JsonEntities.Single(e => e.CustomerDocument.RootElement.GetProperty(""Name"").GetString() == ""Joe"");"
Api.0003,Behavioral change in selected .NET version,Active,Potential,1,test\EFCore.MySql.FunctionalTests\EFCore.MySql.FunctionalTests.csproj,File,test\EFCore.MySql.FunctionalTests\Query\JsonMicrosoftDomQueryTest.cs,99,12,M:System.ValueType.Equals(System.Object),,,,,var actual = ctx.JsonEntities.Single(e => e.CustomerElement.Equals(expected)).CustomerElement;
Api.0003,Behavioral change in selected .NET version,Active,Potential,1,test\EFCore.MySql.FunctionalTests\EFCore.MySql.FunctionalTests.csproj,File,test\EFCore.MySql.FunctionalTests\Query\JsonMicrosoftDomQueryTest.cs,75,12,T:System.Text.Json.JsonDocument,,,,,var actual = ctx.JsonEntities.Single(e => e.CustomerDocument == expected).CustomerDocument;
Api.0003,Behavioral change in selected .NET version,Active,Potential,1,test\EFCore.MySql.FunctionalTests\EFCore.MySql.FunctionalTests.csproj,File,test\EFCore.MySql.FunctionalTests\Query\JsonMicrosoftDomQueryTest.cs,75,12,T:System.Text.Json.JsonDocument,,,,,var actual = ctx.JsonEntities.Single(e => e.CustomerDocument == expected).CustomerDocument;
Api.0003,Behavioral change in selected .NET version,Active,Potential,1,test\EFCore.MySql.FunctionalTests\EFCore.MySql.FunctionalTests.csproj,File,test\EFCore.MySql.FunctionalTests\Query\JsonMicrosoftDomQueryTest.cs,74,12,T:System.Text.Json.JsonDocument,,,,,var expected = ctx.JsonEntities.Find(1).CustomerDocument;
Api.0003,Behavioral change in selected .NET version,Active,Potential,1,test\EFCore.MySql.FunctionalTests\EFCore.MySql.FunctionalTests.csproj,File,test\EFCore.MySql.FunctionalTests\Query\JsonMicrosoftDomQueryTest.cs,62,12,T:System.Text.Json.JsonDocument,,,,,"Assert.Empty(ctx.JsonEntities.Where(e => e.CustomerDocument == JsonDocument.Parse(@""  { """"Name"""": """"Test customer"""", """"Age"""": 80 }"", default)));"
Api.0003,Behavioral change in selected .NET version,Active,Potential,1,test\EFCore.MySql.FunctionalTests\EFCore.MySql.FunctionalTests.csproj,File,test\EFCore.MySql.FunctionalTests\Query\JsonMicrosoftDomQueryTest.cs,62,12,T:System.Text.Json.JsonDocument,,,,,"Assert.Empty(ctx.JsonEntities.Where(e => e.CustomerDocument == JsonDocument.Parse(@""  { """"Name"""": """"Test customer"""", """"Age"""": 80 }"", default)));"
Api.0003,Behavioral change in selected .NET version,Active,Potential,1,test\EFCore.MySql.FunctionalTests\EFCore.MySql.FunctionalTests.csproj,File,test\EFCore.MySql.FunctionalTests\Query\JsonMicrosoftDomQueryTest.cs,62,12,T:System.Text.Json.JsonDocument,,,,,"Assert.Empty(ctx.JsonEntities.Where(e => e.CustomerDocument == JsonDocument.Parse(@""  { """"Name"""": """"Test customer"""", """"Age"""": 80 }"", default)));"
Api.0003,Behavioral change in selected .NET version,Active,Potential,1,test\EFCore.MySql.FunctionalTests\EFCore.MySql.FunctionalTests.csproj,File,test\EFCore.MySql.FunctionalTests\Query\JsonMicrosoftDomQueryTest.cs,35,12,T:System.Text.Json.JsonDocument,,,,,performAsserts(json.CustomerDocument.RootElement);
Api.0003,Behavioral change in selected .NET version,Active,Potential,1,test\EFCore.MySql.FunctionalTests\EFCore.MySql.FunctionalTests.csproj,File,test\EFCore.MySql.FunctionalTests\Query\JsonMicrosoftDomChangeTrackingTest.cs,160,12,T:System.Text.Json.JsonDocument,,,,,Assert.False(ctx.Entry(x).Property(e => e.CustomerDocument).IsModified);
Api.0003,Behavioral change in selected .NET version,Active,Potential,1,test\EFCore.MySql.FunctionalTests\EFCore.MySql.FunctionalTests.csproj,File,test\EFCore.MySql.FunctionalTests\Query\JsonMicrosoftDomChangeTrackingTest.cs,138,12,T:System.Text.Json.JsonDocument,,,,,Assert.False(ctx.Entry(x).Property(e => e.CustomerDocument).IsModified);
Api.0003,Behavioral change in selected .NET version,Active,Potential,1,test\EFCore.MySql.FunctionalTests\EFCore.MySql.FunctionalTests.csproj,File,test\EFCore.MySql.FunctionalTests\Query\JsonMicrosoftDomChangeTrackingTest.cs,124,12,T:System.Text.Json.JsonDocument,,,,,x.CustomerElement = JsonMicrosoftDomChangeTrackingContext.CreateCustomer1().RootElement;
Api.0003,Behavioral change in selected .NET version,Active,Potential,1,test\EFCore.MySql.FunctionalTests\EFCore.MySql.FunctionalTests.csproj,File,test\EFCore.MySql.FunctionalTests\Query\JsonMicrosoftDomChangeTrackingTest.cs,115,12,T:System.Text.Json.JsonDocument,,,,,Assert.False(ctx.Entry(x).Property(e => e.CustomerDocument).IsModified);
Api.0003,Behavioral change in selected .NET version,Active,Potential,1,test\EFCore.MySql.FunctionalTests\EFCore.MySql.FunctionalTests.csproj,File,test\EFCore.MySql.FunctionalTests\Query\JsonMicrosoftDomChangeTrackingTest.cs,111,12,T:System.Text.Json.JsonDocument,,,,,x.CustomerDocument = newCustomerDocument;
Api.0003,Behavioral change in selected .NET version,Active,Potential,1,test\EFCore.MySql.FunctionalTests\EFCore.MySql.FunctionalTests.csproj,File,test\EFCore.MySql.FunctionalTests\Query\JsonMicrosoftDomChangeTrackingTest.cs,110,12,T:System.Text.Json.JsonDocument,,,,,var newCustomerDocument = JsonMicrosoftDomChangeTrackingContext.CreateCustomer1();
Api.0003,Behavioral change in selected .NET version,Active,Potential,1,test\EFCore.MySql.FunctionalTests\EFCore.MySql.FunctionalTests.csproj,File,test\EFCore.MySql.FunctionalTests\Query\JsonMicrosoftDomChangeTrackingTest.cs,109,12,T:System.Text.Json.JsonDocument,,,,,var oldCustomerDocument = x.CustomerDocument;
Api.0003,Behavioral change in selected .NET version,Active,Potential,1,test\EFCore.MySql.FunctionalTests\EFCore.MySql.FunctionalTests.csproj,File,test\EFCore.MySql.FunctionalTests\Query\JsonMicrosoftDomChangeTrackingTest.cs,97,12,T:System.Text.Json.JsonDocument,,,,,x.CustomerElement = JsonMicrosoftDomChangeTrackingContext.CreateCustomer1().RootElement;
Api.0003,Behavioral change in selected .NET version,Active,Potential,1,test\EFCore.MySql.FunctionalTests\EFCore.MySql.FunctionalTests.csproj,File,test\EFCore.MySql.FunctionalTests\Query\JsonMicrosoftDomChangeTrackingTest.cs,88,12,T:System.Text.Json.JsonDocument,,,,,Assert.True(ctx.Entry(x).Property(e => e.CustomerDocument).IsModified);
Api.0003,Behavioral change in selected .NET version,Active,Potential,1,test\EFCore.MySql.FunctionalTests\EFCore.MySql.FunctionalTests.csproj,File,test\EFCore.MySql.FunctionalTests\Query\JsonMicrosoftDomChangeTrackingTest.cs,84,12,T:System.Text.Json.JsonDocument,,,,,x.CustomerDocument = newCustomerDocument;
Api.0003,Behavioral change in selected .NET version,Active,Potential,1,test\EFCore.MySql.FunctionalTests\EFCore.MySql.FunctionalTests.csproj,File,test\EFCore.MySql.FunctionalTests\Query\JsonMicrosoftDomChangeTrackingTest.cs,83,12,T:System.Text.Json.JsonDocument,,,,,var newCustomerDocument = JsonMicrosoftDomChangeTrackingContext.CreateCustomer1();
Api.0003,Behavioral change in selected .NET version,Active,Potential,1,test\EFCore.MySql.FunctionalTests\EFCore.MySql.FunctionalTests.csproj,File,test\EFCore.MySql.FunctionalTests\Query\JsonMicrosoftDomChangeTrackingTest.cs,82,12,T:System.Text.Json.JsonDocument,,,,,var oldCustomerDocument = x.CustomerDocument;
Api.0003,Behavioral change in selected .NET version,Active,Potential,1,test\EFCore.MySql.FunctionalTests\EFCore.MySql.FunctionalTests.csproj,File,test\EFCore.MySql.FunctionalTests\Query\JsonMicrosoftDomChangeTrackingTest.cs,62,12,T:System.Text.Json.JsonDocument,,,,,Assert.False(ctx.Entry(x).Property(e => e.CustomerDocument).IsModified);
Api.0003,Behavioral change in selected .NET version,Active,Potential,1,test\EFCore.MySql.FunctionalTests\EFCore.MySql.FunctionalTests.csproj,File,test\EFCore.MySql.FunctionalTests\Query\JsonMicrosoftDomChangeTrackingTest.cs,48,12,T:System.Text.Json.JsonDocument,,,,,x.CustomerElement = JsonMicrosoftDomChangeTrackingContext.CreateCustomer2().RootElement;
Api.0003,Behavioral change in selected .NET version,Active,Potential,1,test\EFCore.MySql.FunctionalTests\EFCore.MySql.FunctionalTests.csproj,File,test\EFCore.MySql.FunctionalTests\Query\JsonMicrosoftDomChangeTrackingTest.cs,39,12,T:System.Text.Json.JsonDocument,,,,,Assert.True(ctx.Entry(x).Property(e => e.CustomerDocument).IsModified);
Api.0003,Behavioral change in selected .NET version,Active,Potential,1,test\EFCore.MySql.FunctionalTests\EFCore.MySql.FunctionalTests.csproj,File,test\EFCore.MySql.FunctionalTests\Query\JsonMicrosoftDomChangeTrackingTest.cs,36,12,T:System.Text.Json.JsonDocument,,,,,x.CustomerDocument = JsonMicrosoftDomChangeTrackingContext.CreateCustomer2();
Api.0003,Behavioral change in selected .NET version,Active,Potential,1,test\EFCore.MySql.FunctionalTests\EFCore.MySql.FunctionalTests.csproj,File,test\EFCore.MySql.FunctionalTests\Query\JsonMicrosoftDomChangeTrackingTest.cs,36,12,T:System.Text.Json.JsonDocument,,,,,x.CustomerDocument = JsonMicrosoftDomChangeTrackingContext.CreateCustomer2();
Api.0003,Behavioral change in selected .NET version,Active,Potential,1,test\EFCore.MySql.FunctionalTests\EFCore.MySql.FunctionalTests.csproj,File,test\EFCore.MySql.FunctionalTests\Query\JsonMicrosoftPocoQueryTest.cs,26,12,T:System.Text.Json.JsonDocument,,,,,"var element = JsonDocument.Parse(@""{""""Name"""": """"Joe"""", """"Age"""": 25}"").RootElement;"
Api.0003,Behavioral change in selected .NET version,Active,Potential,1,test\EFCore.MySql.FunctionalTests\EFCore.MySql.FunctionalTests.csproj,File,test\EFCore.MySql.FunctionalTests\Query\JsonMicrosoftPocoQueryTest.cs,26,12,T:System.Text.Json.JsonDocument,,,,,"var element = JsonDocument.Parse(@""{""""Name"""": """"Joe"""", """"Age"""": 25}"").RootElement;"
Api.0003,Behavioral change in selected .NET version,Active,Potential,1,test\EFCore.MySql.FunctionalTests\EFCore.MySql.FunctionalTests.csproj,File,test\EFCore.MySql.FunctionalTests\Query\JsonStringQueryTestBase.cs,33,16,T:System.Text.Json.JsonDocument,,,,,var customer = JsonDocument.Parse(customerText).RootElement;
Api.0003,Behavioral change in selected .NET version,Active,Potential,1,test\EFCore.MySql.FunctionalTests\EFCore.MySql.FunctionalTests.csproj,File,test\EFCore.MySql.FunctionalTests\Query\JsonStringQueryTestBase.cs,33,16,T:System.Text.Json.JsonDocument,,,,,var customer = JsonDocument.Parse(customerText).RootElement;
Api.0002,Source incompatible for selected .NET version,Active,Potential,1,test\EFCore.MySql.FunctionalTests\EFCore.MySql.FunctionalTests.csproj,File,test\EFCore.MySql.FunctionalTests\BuiltInDataTypesMySqlTest.cs,1798,16,M:System.TimeSpan.FromHours(System.Double),,,,,"AssertEqualIfMapped(                      entityType, new DateTimeOffset(DateTime.Parse(""01/01/2000 12:34:56""), TimeSpan.FromHours(-8.0)),                      () => dt.DateTimeOffset);"
Api.0002,Source incompatible for selected .NET version,Active,Potential,1,test\EFCore.MySql.FunctionalTests\EFCore.MySql.FunctionalTests.csproj,File,test\EFCore.MySql.FunctionalTests\BuiltInDataTypesMySqlTest.cs,1749,16,M:System.TimeSpan.FromHours(System.Double),,,,,"context.Set<ObjectBackedDataTypes>().Add(                      new ObjectBackedDataTypes                      {                          Id = 101,                          PartitionId = 101,                          String = ""TestString"",                          Bytes = new byte[] { 10, 9, 8, 7, 6 },                          Int16 = -1234,                          Int32 = -123456789,                          Int64 = -1234567890123456789L,                          Double = -1.23456789,                          Decimal = -1234567890.01M,                          DateTime = DateTime.Parse(""01/01/2000 12:34:56""),                          DateTimeOffset = new DateTimeOffset(DateTime.Parse(""01/01/2000 12:34:56""), TimeSpan.FromHours(-8.0)),                          TimeSpan = new TimeSpan(0, 10, 9, 8, 7),                          Single = -1.234F,                          Boolean = false,                          Byte = 255,                          UnsignedInt16 = 1234,                          UnsignedInt32 = 1234565789U,                          UnsignedInt64 = 1234567890123456789UL,                          Character = 'a',                          SignedByte = -128,                          Enum64 = Enum64.SomeValue,                          Enum32 = Enum32.SomeValue,                          Enum16 = Enum16.SomeValue,                          Enum8 = Enum8.SomeValue,                          EnumU64 = EnumU64.SomeValue,                          EnumU32 = EnumU32.SomeValue,                          EnumU16 = EnumU16.SomeValue,                          EnumS8 = EnumS8.SomeValue                      });"
Api.0002,Source incompatible for selected .NET version,Active,Potential,1,test\EFCore.MySql.FunctionalTests\EFCore.MySql.FunctionalTests.csproj,File,test\EFCore.MySql.FunctionalTests\BuiltInDataTypesMySqlTest.cs,1721,16,M:System.TimeSpan.FromHours(System.Double),,,,,"AssertEqualIfMapped(                      entityType, new DateTimeOffset(DateTime.Parse(""01/01/2000 12:34:56""), TimeSpan.FromHours(-8.0)),                      () => dt.DateTimeOffset);"
Api.0002,Source incompatible for selected .NET version,Active,Potential,1,test\EFCore.MySql.FunctionalTests\EFCore.MySql.FunctionalTests.csproj,File,test\EFCore.MySql.FunctionalTests\BuiltInDataTypesMySqlTest.cs,1676,16,M:System.TimeSpan.FromHours(System.Double),,,,,"context.Set<NullableBackedDataTypes>().Add(                      new NullableBackedDataTypes                      {                          Id = 101,                          PartitionId = 101,                          Int16 = -1234,                          Int32 = -123456789,                          Int64 = -1234567890123456789L,                          Double = -1.23456789,                          Decimal = -1234567890.01M,                          DateTime = DateTime.Parse(""01/01/2000 12:34:56""),                          DateTimeOffset = new DateTimeOffset(DateTime.Parse(""01/01/2000 12:34:56""), TimeSpan.FromHours(-8.0)),                          TimeSpan = new TimeSpan(0, 10, 9, 8, 7),                          Single = -1.234F,                          Boolean = false,                          Byte = 255,                          UnsignedInt16 = 1234,                          UnsignedInt32 = 1234565789U,                          UnsignedInt64 = 1234567890123456789UL,                          Character = 'a',                          SignedByte = -128,                          Enum64 = Enum64.SomeValue,                          Enum32 = Enum32.SomeValue,                          Enum16 = Enum16.SomeValue,                          Enum8 = Enum8.SomeValue,                          EnumU64 = EnumU64.SomeValue,                          EnumU32 = EnumU32.SomeValue,                          EnumU16 = EnumU16.SomeValue,                          EnumS8 = EnumS8.SomeValue                      });"
Api.0002,Source incompatible for selected .NET version,Active,Potential,1,test\EFCore.MySql.FunctionalTests\EFCore.MySql.FunctionalTests.csproj,File,test\EFCore.MySql.FunctionalTests\BuiltInDataTypesMySqlTest.cs,1648,16,M:System.TimeSpan.FromHours(System.Double),,,,,"AssertEqualIfMapped(                      entityType, new DateTimeOffset(DateTime.Parse(""01/01/2000 12:34:56""), TimeSpan.FromHours(-8.0)),                      () => dt.DateTimeOffset);"
Api.0002,Source incompatible for selected .NET version,Active,Potential,1,test\EFCore.MySql.FunctionalTests\EFCore.MySql.FunctionalTests.csproj,File,test\EFCore.MySql.FunctionalTests\BuiltInDataTypesMySqlTest.cs,1602,16,M:System.TimeSpan.FromHours(System.Double),,,,,"context.Set<NonNullableBackedDataTypes>().Add(                      new NonNullableBackedDataTypes                      {                          Id = 101,                          PartitionId = 101,                          Int16 = -1234,                          Int32 = -123456789,                          Int64 = -1234567890123456789L,                          Double = -1.23456789,                          Decimal = -1234567890.01M,                          DateTime = DateTime.Parse(""01/01/2000 12:34:56""),                          DateTimeOffset = new DateTimeOffset(DateTime.Parse(""01/01/2000 12:34:56""), TimeSpan.FromHours(-8.0)),                          TimeSpan = new TimeSpan(0, 10, 9, 8, 7),                          Single = -1.234F,                          Boolean = true,                          Byte = 255,                          UnsignedInt16 = 1234,                          UnsignedInt32 = 1234565789U,                          UnsignedInt64 = 1234567890123456789UL,                          Character = 'a',                          SignedByte = -128,                          Enum64 = Enum64.SomeValue,                          Enum32 = Enum32.SomeValue,                          Enum16 = Enum16.SomeValue,                          Enum8 = Enum8.SomeValue,                          EnumU64 = EnumU64.SomeValue,                          EnumU32 = EnumU32.SomeValue,                          EnumU16 = EnumU16.SomeValue,                          EnumS8 = EnumS8.SomeValue                      });"
Api.0002,Source incompatible for selected .NET version,Active,Potential,1,test\EFCore.MySql.FunctionalTests\EFCore.MySql.FunctionalTests.csproj,File,test\EFCore.MySql.FunctionalTests\BuiltInDataTypesMySqlTest.cs,1574,16,M:System.TimeSpan.FromHours(System.Double),,,,,"AssertEqualIfMapped(                      entityType, new DateTimeOffset(DateTime.Parse(""01/01/2000 12:34:56""), TimeSpan.FromHours(-8.0)),                      () => dt.TestDateTimeOffset);"
Api.0002,Source incompatible for selected .NET version,Active,Potential,1,test\EFCore.MySql.FunctionalTests\EFCore.MySql.FunctionalTests.csproj,File,test\EFCore.MySql.FunctionalTests\BuiltInDataTypesMySqlTest.cs,1528,16,M:System.TimeSpan.FromHours(System.Double),,,,,"context.Set<BuiltInDataTypes>().Add(                      new BuiltInDataTypes                      {                          Id = 1,                          PartitionId = 1,                          TestInt16 = -1234,                          TestInt32 = -123456789,                          TestInt64 = -1234567890123456789L,                          TestDouble = -1.23456789,                          TestDecimal = -1234567890.01M,                          TestDateTime = DateTime.Parse(""01/01/2000 12:34:56"", CultureInfo.InvariantCulture, DateTimeStyles.AssumeLocal),                          TestDateTimeOffset = new DateTimeOffset(DateTime.Parse(""01/01/2000 12:34:56""), TimeSpan.FromHours(-8.0)),                          TestTimeSpan = new TimeSpan(0, 10, 9, 8, 7),                          TestSingle = -1.234F,                          TestBoolean = true,                          TestByte = 255,                          TestUnsignedInt16 = 1234,                          TestUnsignedInt32 = 1234565789U,                          TestUnsignedInt64 = 1234567890123456789UL,                          TestCharacter = 'a',                          TestSignedByte = -128,                          Enum64 = Enum64.SomeValue,                          Enum32 = Enum32.SomeValue,                          Enum16 = Enum16.SomeValue,                          Enum8 = Enum8.SomeValue,                          EnumU64 = EnumU64.SomeValue,                          EnumU32 = EnumU32.SomeValue,                          EnumU16 = EnumU16.SomeValue,                          EnumS8 = EnumS8.SomeValue                      });"
Api.0002,Source incompatible for selected .NET version,Active,Potential,1,test\EFCore.MySql.FunctionalTests\EFCore.MySql.FunctionalTests.csproj,File,test\EFCore.MySql.FunctionalTests\BuiltInDataTypesMySqlTest.cs,931,16,M:System.TimeSpan.FromHours(System.Double),,,,,"AssertEqualIfMapped(                      entityType, new DateTimeOffset(DateTime.Parse(""01/01/2000 12:34:56""), TimeSpan.FromHours(-8.0)).ToUniversalTime(), // adjusted for Pomelo's translation                      () => dt.TestNullableDateTimeOffset);"
Api.0002,Source incompatible for selected .NET version,Active,Potential,1,test\EFCore.MySql.FunctionalTests\EFCore.MySql.FunctionalTests.csproj,File,test\EFCore.MySql.FunctionalTests\BuiltInDataTypesMySqlTest.cs,882,16,M:System.TimeSpan.FromHours(System.Double),,,,,"context.Set<BuiltInNullableDataTypes>().Add(                      new BuiltInNullableDataTypes                      {                          Id = 101,                          PartitionId = 101,                          TestString = ""TestString"",                          TestByteArray = new byte[] { 10, 9, 8, 7, 6 },                          TestNullableInt16 = -1234,                          TestNullableInt32 = -123456789,                          TestNullableInt64 = -1234567890123456789L,                          TestNullableDouble = -1.23456789,                          TestNullableDecimal = -1234567890.01M,                          TestNullableDateTime = DateTime.Parse(""01/01/2000 12:34:56"").ToUniversalTime(),                          TestNullableDateTimeOffset = new DateTimeOffset(DateTime.Parse(""01/01/2000 12:34:56""), TimeSpan.FromHours(-8.0)),                          TestNullableTimeSpan = new TimeSpan(0, 10, 9, 8, 7),                          TestNullableSingle = -1.234F,                          TestNullableBoolean = false,                          TestNullableByte = 255,                          TestNullableUnsignedInt16 = 1234,                          TestNullableUnsignedInt32 = 1234565789U,                          TestNullableUnsignedInt64 = 1234567890123456789UL,                          TestNullableCharacter = 'a',                          TestNullableSignedByte = -128,                          Enum64 = Enum64.SomeValue,                          Enum32 = Enum32.SomeValue,                          Enum16 = Enum16.SomeValue,                          Enum8 = Enum8.SomeValue,                          EnumU64 = EnumU64.SomeValue,                          EnumU32 = EnumU32.SomeValue,                          EnumU16 = EnumU16.SomeValue,                          EnumS8 = EnumS8.SomeValue                      });"
Api.0002,Source incompatible for selected .NET version,Active,Potential,1,test\EFCore.MySql.FunctionalTests\EFCore.MySql.FunctionalTests.csproj,File,test\EFCore.MySql.FunctionalTests\BuiltInDataTypesMySqlTest.cs,780,101,M:System.TimeSpan.FromHours(System.Int32),,,,,TimeSpan.FromHours(6)
Api.0002,Source incompatible for selected .NET version,Active,Potential,1,test\EFCore.MySql.FunctionalTests\EFCore.MySql.FunctionalTests.csproj,File,test\EFCore.MySql.FunctionalTests\BuiltInDataTypesMySqlTest.cs,730,12,M:System.TimeSpan.FromHours(System.Int32),,,,,"Assert.Equal(new DateTimeOffset(new DateTime(2017, 1, 2, 12, 11, 12), TimeSpan.FromHours(6)),                  entity.DateTimeOffsetAsTimestamp);"
Api.0002,Source incompatible for selected .NET version,Active,Potential,1,test\EFCore.MySql.FunctionalTests\EFCore.MySql.FunctionalTests.csproj,File,test\EFCore.MySql.FunctionalTests\BuiltInDataTypesMySqlTest.cs,614,101,M:System.TimeSpan.FromHours(System.Int32),,,,,TimeSpan.FromHours(2)
Api.0002,Source incompatible for selected .NET version,Active,Potential,1,test\EFCore.MySql.FunctionalTests\EFCore.MySql.FunctionalTests.csproj,File,test\EFCore.MySql.FunctionalTests\BuiltInDataTypesMySqlTest.cs,564,12,M:System.TimeSpan.FromHours(System.Int32),,,,,"Assert.Equal(new DateTimeOffset(new DateTime(2017, 1, 2, 12, 11, 12), TimeSpan.FromHours(2)), entity.DateTimeOffsetAsTimestamp);"
Api.0002,Source incompatible for selected .NET version,Active,Potential,1,test\EFCore.MySql.FunctionalTests\EFCore.MySql.FunctionalTests.csproj,File,test\EFCore.MySql.FunctionalTests\CustomConvertersMySqlTest.cs,309,16,M:System.TimeSpan.FromHours(System.Double),,,,,"AssertEqualIfMapped(                      entityType, new DateTimeOffset(DateTime.Parse(""01/01/2000 12:34:56""), TimeSpan.FromHours(-8.0)),                      () => dt.DateTimeOffset);"
Api.0002,Source incompatible for selected .NET version,Active,Potential,1,test\EFCore.MySql.FunctionalTests\EFCore.MySql.FunctionalTests.csproj,File,test\EFCore.MySql.FunctionalTests\CustomConvertersMySqlTest.cs,260,16,M:System.TimeSpan.FromHours(System.Double),,,,,"context.Set<ObjectBackedDataTypes>().Add(                      new ObjectBackedDataTypes                      {                          Id = 101,                          PartitionId = 101,                          String = ""TestString"",                          Bytes = new byte[] { 10, 9, 8, 7, 6 },                          Int16 = -1234,                          Int32 = -123456789,                          Int64 = -1234567890123456789L,                          Double = -1.23456789,                          Decimal = -1234567890.01M,                          DateTime = DateTime.Parse(""01/01/2000 12:34:56""),                          DateTimeOffset = new DateTimeOffset(DateTime.Parse(""01/01/2000 12:34:56""), TimeSpan.FromHours(-8.0)),                          TimeSpan = new TimeSpan(0, 10, 9, 8, 7),                          Single = -1.234F,                          Boolean = false,                          Byte = 255,                          UnsignedInt16 = 1234,                          UnsignedInt32 = 1234565789U,                          UnsignedInt64 = 1234567890123456789UL,                          Character = 'a',                          SignedByte = -128,                          Enum64 = Enum64.SomeValue,                          Enum32 = Enum32.SomeValue,                          Enum16 = Enum16.SomeValue,                          Enum8 = Enum8.SomeValue,                          EnumU64 = EnumU64.SomeValue,                          EnumU32 = EnumU32.SomeValue,                          EnumU16 = EnumU16.SomeValue,                          EnumS8 = EnumS8.SomeValue                      });"
Api.0002,Source incompatible for selected .NET version,Active,Potential,1,test\EFCore.MySql.FunctionalTests\EFCore.MySql.FunctionalTests.csproj,File,test\EFCore.MySql.FunctionalTests\CustomConvertersMySqlTest.cs,232,16,M:System.TimeSpan.FromHours(System.Double),,,,,"AssertEqualIfMapped(                      entityType, new DateTimeOffset(DateTime.Parse(""01/01/2000 12:34:56""), TimeSpan.FromHours(-8.0)),                      () => dt.DateTimeOffset);"
Api.0002,Source incompatible for selected .NET version,Active,Potential,1,test\EFCore.MySql.FunctionalTests\EFCore.MySql.FunctionalTests.csproj,File,test\EFCore.MySql.FunctionalTests\CustomConvertersMySqlTest.cs,187,16,M:System.TimeSpan.FromHours(System.Double),,,,,"context.Set<NullableBackedDataTypes>().Add(                      new NullableBackedDataTypes                      {                          Id = 101,                          PartitionId = 101,                          Int16 = -1234,                          Int32 = -123456789,                          Int64 = -1234567890123456789L,                          Double = -1.23456789,                          Decimal = -1234567890.01M,                          DateTime = DateTime.Parse(""01/01/2000 12:34:56""),                          DateTimeOffset = new DateTimeOffset(DateTime.Parse(""01/01/2000 12:34:56""), TimeSpan.FromHours(-8.0)),                          TimeSpan = new TimeSpan(0, 10, 9, 8, 7),                          Single = -1.234F,                          Boolean = false,                          Byte = 255,                          UnsignedInt16 = 1234,                          UnsignedInt32 = 1234565789U,                          UnsignedInt64 = 1234567890123456789UL,                          Character = 'a',                          SignedByte = -128,                          Enum64 = Enum64.SomeValue,                          Enum32 = Enum32.SomeValue,                          Enum16 = Enum16.SomeValue,                          Enum8 = Enum8.SomeValue,                          EnumU64 = EnumU64.SomeValue,                          EnumU32 = EnumU32.SomeValue,                          EnumU16 = EnumU16.SomeValue,                          EnumS8 = EnumS8.SomeValue                      });"
Api.0002,Source incompatible for selected .NET version,Active,Potential,1,test\EFCore.MySql.FunctionalTests\EFCore.MySql.FunctionalTests.csproj,File,test\EFCore.MySql.FunctionalTests\CustomConvertersMySqlTest.cs,159,16,M:System.TimeSpan.FromHours(System.Double),,,,,"AssertEqualIfMapped(                      entityType, new DateTimeOffset(DateTime.Parse(""01/01/2000 12:34:56""), TimeSpan.FromHours(-8.0)),                      () => dt.DateTimeOffset);"
Api.0002,Source incompatible for selected .NET version,Active,Potential,1,test\EFCore.MySql.FunctionalTests\EFCore.MySql.FunctionalTests.csproj,File,test\EFCore.MySql.FunctionalTests\CustomConvertersMySqlTest.cs,113,16,M:System.TimeSpan.FromHours(System.Double),,,,,"context.Set<NonNullableBackedDataTypes>().Add(                      new NonNullableBackedDataTypes                      {                          Id = 101,                          PartitionId = 101,                          Int16 = -1234,                          Int32 = -123456789,                          Int64 = -1234567890123456789L,                          Double = -1.23456789,                          Decimal = -1234567890.01M,                          DateTime = DateTime.Parse(""01/01/2000 12:34:56""),                          DateTimeOffset = new DateTimeOffset(DateTime.Parse(""01/01/2000 12:34:56""), TimeSpan.FromHours(-8.0)),                          TimeSpan = new TimeSpan(0, 10, 9, 8, 7),                          Single = -1.234F,                          Boolean = true,                          Byte = 255,                          UnsignedInt16 = 1234,                          UnsignedInt32 = 1234565789U,                          UnsignedInt64 = 1234567890123456789UL,                          Character = 'a',                          SignedByte = -128,                          Enum64 = Enum64.SomeValue,                          Enum32 = Enum32.SomeValue,                          Enum16 = Enum16.SomeValue,                          Enum8 = Enum8.SomeValue,                          EnumU64 = EnumU64.SomeValue,                          EnumU32 = EnumU32.SomeValue,                          EnumU16 = EnumU16.SomeValue,                          EnumS8 = EnumS8.SomeValue                      });"
Api.0002,Source incompatible for selected .NET version,Active,Potential,1,test\EFCore.MySql.FunctionalTests\EFCore.MySql.FunctionalTests.csproj,File,test\EFCore.MySql.FunctionalTests\CustomConvertersMySqlTest.cs,85,16,M:System.TimeSpan.FromHours(System.Double),,,,,"AssertEqualIfMapped(                      entityType, new DateTimeOffset(DateTime.Parse(""01/01/2000 12:34:56""), TimeSpan.FromHours(-8.0)),                      () => dt.TestDateTimeOffset);"
Api.0002,Source incompatible for selected .NET version,Active,Potential,1,test\EFCore.MySql.FunctionalTests\EFCore.MySql.FunctionalTests.csproj,File,test\EFCore.MySql.FunctionalTests\CustomConvertersMySqlTest.cs,39,16,M:System.TimeSpan.FromHours(System.Double),,,,,"context.Set<BuiltInDataTypes>().Add(                      new BuiltInDataTypes                      {                          Id = 1,                          PartitionId = 1,                          TestInt16 = -1234,                          TestInt32 = -123456789,                          TestInt64 = -1234567890123456789L,                          TestDouble = -1.23456789,                          TestDecimal = -1234567890.01M,                          TestDateTime = DateTime.Parse(""01/01/2000 12:34:56"", CultureInfo.InvariantCulture, DateTimeStyles.AssumeLocal),                          TestDateTimeOffset = new DateTimeOffset(DateTime.Parse(""01/01/2000 12:34:56""), TimeSpan.FromHours(-8.0)),                          TestTimeSpan = new TimeSpan(0, 10, 9, 8, 7),                          TestSingle = -1.234F,                          TestBoolean = true,                          TestByte = 255,                          TestUnsignedInt16 = 1234,                          TestUnsignedInt32 = 1234565789U,                          TestUnsignedInt64 = 1234567890123456789UL,                          TestCharacter = 'a',                          TestSignedByte = -128,                          Enum64 = Enum64.SomeValue,                          Enum32 = Enum32.SomeValue,                          Enum16 = Enum16.SomeValue,                          Enum8 = Enum8.SomeValue,                          EnumU64 = EnumU64.SomeValue,                          EnumU32 = EnumU32.SomeValue,                          EnumU16 = EnumU16.SomeValue,                          EnumS8 = EnumS8.SomeValue                      });"
Api.0002,Source incompatible for selected .NET version,Active,Potential,1,test\EFCore.MySql.FunctionalTests\EFCore.MySql.FunctionalTests.csproj,File,test\EFCore.MySql.FunctionalTests\ConvertToProviderTypesMySqlTest.cs,311,16,M:System.TimeSpan.FromHours(System.Double),,,,,"AssertEqualIfMapped(                      entityType, new DateTimeOffset(DateTime.Parse(""01/01/2000 12:34:56""), TimeSpan.FromHours(-8.0)),                      () => dt.DateTimeOffset);"
Api.0002,Source incompatible for selected .NET version,Active,Potential,1,test\EFCore.MySql.FunctionalTests\EFCore.MySql.FunctionalTests.csproj,File,test\EFCore.MySql.FunctionalTests\ConvertToProviderTypesMySqlTest.cs,262,16,M:System.TimeSpan.FromHours(System.Double),,,,,"context.Set<ObjectBackedDataTypes>().Add(                      new ObjectBackedDataTypes                      {                          Id = 101,                          PartitionId = 101,                          String = ""TestString"",                          Bytes = new byte[] { 10, 9, 8, 7, 6 },                          Int16 = -1234,                          Int32 = -123456789,                          Int64 = -1234567890123456789L,                          Double = -1.23456789,                          Decimal = -1234567890.01M,                          DateTime = DateTime.Parse(""01/01/2000 12:34:56""),                          DateTimeOffset = new DateTimeOffset(DateTime.Parse(""01/01/2000 12:34:56""), TimeSpan.FromHours(-8.0)),                          TimeSpan = new TimeSpan(0, 10, 9, 8, 7),                          Single = -1.234F,                          Boolean = false,                          Byte = 255,                          UnsignedInt16 = 1234,                          UnsignedInt32 = 1234565789U,                          UnsignedInt64 = 1234567890123456789UL,                          Character = 'a',                          SignedByte = -128,                          Enum64 = Enum64.SomeValue,                          Enum32 = Enum32.SomeValue,                          Enum16 = Enum16.SomeValue,                          Enum8 = Enum8.SomeValue,                          EnumU64 = EnumU64.SomeValue,                          EnumU32 = EnumU32.SomeValue,                          EnumU16 = EnumU16.SomeValue,                          EnumS8 = EnumS8.SomeValue                      });"
Api.0002,Source incompatible for selected .NET version,Active,Potential,1,test\EFCore.MySql.FunctionalTests\EFCore.MySql.FunctionalTests.csproj,File,test\EFCore.MySql.FunctionalTests\ConvertToProviderTypesMySqlTest.cs,234,16,M:System.TimeSpan.FromHours(System.Double),,,,,"AssertEqualIfMapped(                      entityType, new DateTimeOffset(DateTime.Parse(""01/01/2000 12:34:56""), TimeSpan.FromHours(-8.0)),                      () => dt.DateTimeOffset);"
Api.0002,Source incompatible for selected .NET version,Active,Potential,1,test\EFCore.MySql.FunctionalTests\EFCore.MySql.FunctionalTests.csproj,File,test\EFCore.MySql.FunctionalTests\ConvertToProviderTypesMySqlTest.cs,189,16,M:System.TimeSpan.FromHours(System.Double),,,,,"context.Set<NullableBackedDataTypes>().Add(                      new NullableBackedDataTypes                      {                          Id = 101,                          PartitionId = 101,                          Int16 = -1234,                          Int32 = -123456789,                          Int64 = -1234567890123456789L,                          Double = -1.23456789,                          Decimal = -1234567890.01M,                          DateTime = DateTime.Parse(""01/01/2000 12:34:56""),                          DateTimeOffset = new DateTimeOffset(DateTime.Parse(""01/01/2000 12:34:56""), TimeSpan.FromHours(-8.0)),                          TimeSpan = new TimeSpan(0, 10, 9, 8, 7),                          Single = -1.234F,                          Boolean = false,                          Byte = 255,                          UnsignedInt16 = 1234,                          UnsignedInt32 = 1234565789U,                          UnsignedInt64 = 1234567890123456789UL,                          Character = 'a',                          SignedByte = -128,                          Enum64 = Enum64.SomeValue,                          Enum32 = Enum32.SomeValue,                          Enum16 = Enum16.SomeValue,                          Enum8 = Enum8.SomeValue,                          EnumU64 = EnumU64.SomeValue,                          EnumU32 = EnumU32.SomeValue,                          EnumU16 = EnumU16.SomeValue,                          EnumS8 = EnumS8.SomeValue                      });"
Api.0002,Source incompatible for selected .NET version,Active,Potential,1,test\EFCore.MySql.FunctionalTests\EFCore.MySql.FunctionalTests.csproj,File,test\EFCore.MySql.FunctionalTests\ConvertToProviderTypesMySqlTest.cs,161,16,M:System.TimeSpan.FromHours(System.Double),,,,,"AssertEqualIfMapped(                      entityType, new DateTimeOffset(DateTime.Parse(""01/01/2000 12:34:56""), TimeSpan.FromHours(-8.0)),                      () => dt.DateTimeOffset);"
Api.0002,Source incompatible for selected .NET version,Active,Potential,1,test\EFCore.MySql.FunctionalTests\EFCore.MySql.FunctionalTests.csproj,File,test\EFCore.MySql.FunctionalTests\ConvertToProviderTypesMySqlTest.cs,115,16,M:System.TimeSpan.FromHours(System.Double),,,,,"context.Set<NonNullableBackedDataTypes>().Add(                      new NonNullableBackedDataTypes                      {                          Id = 101,                          PartitionId = 101,                          Int16 = -1234,                          Int32 = -123456789,                          Int64 = -1234567890123456789L,                          Double = -1.23456789,                          Decimal = -1234567890.01M,                          DateTime = DateTime.Parse(""01/01/2000 12:34:56""),                          DateTimeOffset = new DateTimeOffset(DateTime.Parse(""01/01/2000 12:34:56""), TimeSpan.FromHours(-8.0)),                          TimeSpan = new TimeSpan(0, 10, 9, 8, 7),                          Single = -1.234F,                          Boolean = true,                          Byte = 255,                          UnsignedInt16 = 1234,                          UnsignedInt32 = 1234565789U,                          UnsignedInt64 = 1234567890123456789UL,                          Character = 'a',                          SignedByte = -128,                          Enum64 = Enum64.SomeValue,                          Enum32 = Enum32.SomeValue,                          Enum16 = Enum16.SomeValue,                          Enum8 = Enum8.SomeValue,                          EnumU64 = EnumU64.SomeValue,                          EnumU32 = EnumU32.SomeValue,                          EnumU16 = EnumU16.SomeValue,                          EnumS8 = EnumS8.SomeValue                      });"
Api.0002,Source incompatible for selected .NET version,Active,Potential,1,test\EFCore.MySql.FunctionalTests\EFCore.MySql.FunctionalTests.csproj,File,test\EFCore.MySql.FunctionalTests\ConvertToProviderTypesMySqlTest.cs,87,16,M:System.TimeSpan.FromHours(System.Double),,,,,"AssertEqualIfMapped(                      entityType, new DateTimeOffset(DateTime.Parse(""01/01/2000 12:34:56""), TimeSpan.FromHours(-8.0)),                      () => dt.TestDateTimeOffset);"
Api.0002,Source incompatible for selected .NET version,Active,Potential,1,test\EFCore.MySql.FunctionalTests\EFCore.MySql.FunctionalTests.csproj,File,test\EFCore.MySql.FunctionalTests\ConvertToProviderTypesMySqlTest.cs,41,16,M:System.TimeSpan.FromHours(System.Double),,,,,"context.Set<BuiltInDataTypes>().Add(                      new BuiltInDataTypes                      {                          Id = 1,                          PartitionId = 1,                          TestInt16 = -1234,                          TestInt32 = -123456789,                          TestInt64 = -1234567890123456789L,                          TestDouble = -1.23456789,                          TestDecimal = -1234567890.01M,                          TestDateTime = DateTime.Parse(""01/01/2000 12:34:56"", CultureInfo.InvariantCulture, DateTimeStyles.AssumeLocal),                          TestDateTimeOffset = new DateTimeOffset(DateTime.Parse(""01/01/2000 12:34:56""), TimeSpan.FromHours(-8.0)),                          TestTimeSpan = new TimeSpan(0, 10, 9, 8, 7),                          TestSingle = -1.234F,                          TestBoolean = true,                          TestByte = 255,                          TestUnsignedInt16 = 1234,                          TestUnsignedInt32 = 1234565789U,                          TestUnsignedInt64 = 1234567890123456789UL,                          TestCharacter = 'a',                          TestSignedByte = -128,                          Enum64 = Enum64.SomeValue,                          Enum32 = Enum32.SomeValue,                          Enum16 = Enum16.SomeValue,                          Enum8 = Enum8.SomeValue,                          EnumU64 = EnumU64.SomeValue,                          EnumU32 = EnumU32.SomeValue,                          EnumU16 = EnumU16.SomeValue,                          EnumS8 = EnumS8.SomeValue                      });"
NuGet.0002,NuGet package upgrade is recommended,Active,Potential,1,test\EFCore.MySql.IntegrationTests\EFCore.MySql.IntegrationTests.csproj,File,test\EFCore.MySql.IntegrationTests\EFCore.MySql.IntegrationTests.csproj,,,Microsoft.AspNetCore.Identity.EntityFrameworkCore 9.0.0,,,,,"Microsoft.AspNetCore.Identity.EntityFrameworkCore, 9.0.0  Recommendation:  Remove Microsoft.AspNetCore.Identity.EntityFrameworkCore, and replace with new package Microsoft.AspNetCore.Identity.EntityFrameworkCore 10.0.5"
NuGet.0002,NuGet package upgrade is recommended,Active,Potential,1,test\EFCore.MySql.IntegrationTests\EFCore.MySql.IntegrationTests.csproj,File,test\EFCore.MySql.IntegrationTests\EFCore.MySql.IntegrationTests.csproj,,,Microsoft.AspNetCore.Mvc.NewtonsoftJson 9.0.0,,,,,"Microsoft.AspNetCore.Mvc.NewtonsoftJson, 9.0.0  Recommendation:  Remove Microsoft.AspNetCore.Mvc.NewtonsoftJson, and replace with new package Microsoft.AspNetCore.Mvc.NewtonsoftJson 10.0.5"
NuGet.0002,NuGet package upgrade is recommended,Active,Potential,1,test\EFCore.MySql.IntegrationTests\EFCore.MySql.IntegrationTests.csproj,File,test\EFCore.MySql.IntegrationTests\EFCore.MySql.IntegrationTests.csproj,,,Newtonsoft.Json 13.0.3,,,,,"Newtonsoft.Json, 13.0.3  Recommendation:  Remove Newtonsoft.Json, and replace with new package Newtonsoft.Json 13.0.4"
NuGet.0002,NuGet package upgrade is recommended,Active,Potential,1,test\EFCore.MySql.IntegrationTests\EFCore.MySql.IntegrationTests.csproj,File,test\EFCore.MySql.IntegrationTests\EFCore.MySql.IntegrationTests.csproj,,,Microsoft.EntityFrameworkCore.Design 9.0.0,,,,,"Microsoft.EntityFrameworkCore.Design, 9.0.0  Recommendation:  Remove Microsoft.EntityFrameworkCore.Design, and replace with new package Microsoft.EntityFrameworkCore.Design 10.0.5"
NuGet.0002,NuGet package upgrade is recommended,Active,Potential,1,test\EFCore.MySql.IntegrationTests\EFCore.MySql.IntegrationTests.csproj,File,test\EFCore.MySql.IntegrationTests\EFCore.MySql.IntegrationTests.csproj,,,Microsoft.EntityFrameworkCore.Relational.Specification.Tests 9.0.0,,,,,"Microsoft.EntityFrameworkCore.Relational.Specification.Tests, 9.0.0  Recommendation:  Remove Microsoft.EntityFrameworkCore.Relational.Specification.Tests, and replace with new package Microsoft.EntityFrameworkCore.Relational.Specification.Tests 10.0.5"
Project.0002,Project's target framework(s) needs to be changed,Active,Mandatory,1,test\EFCore.MySql.IntegrationTests\EFCore.MySql.IntegrationTests.csproj,File,test\EFCore.MySql.IntegrationTests\EFCore.MySql.IntegrationTests.csproj,,,,,,,,Current target framework: net9.0 Recommended target framework: net10.0
Api.0002,Source incompatible for selected .NET version,Active,Potential,1,test\EFCore.MySql.IntegrationTests\EFCore.MySql.IntegrationTests.csproj,File,test\EFCore.MySql.IntegrationTests\Tests\Models\ExpressionTest.cs,168,12,M:System.TimeSpan.FromSeconds(System.Int64),,,,,"Assert.Equal(result.UtcNow, DateTime.UtcNow, precision: TimeSpan.FromSeconds(10));"
Api.0002,Source incompatible for selected .NET version,Active,Potential,1,test\EFCore.MySql.IntegrationTests\EFCore.MySql.IntegrationTests.csproj,File,test\EFCore.MySql.IntegrationTests\Tests\Models\ExpressionTest.cs,167,12,M:System.TimeSpan.FromSeconds(System.Int64),,,,,"Assert.Equal(result.Now, DateTime.Now, precision: TimeSpan.FromSeconds(10));"
Api.0002,Source incompatible for selected .NET version,Active,Potential,1,test\EFCore.MySql.IntegrationTests\EFCore.MySql.IntegrationTests.csproj,File,test\EFCore.MySql.IntegrationTests\Tests\Models\DataTypesTest.cs,85,9,M:System.TimeSpan.FromMilliseconds(System.Double),,,,,var dateTimeOffset = dateTime + TimeSpan.FromMilliseconds(123.456);
Api.0002,Source incompatible for selected .NET version,Active,Potential,1,test\EFCore.MySql.IntegrationTests\EFCore.MySql.IntegrationTests.csproj,File,test\EFCore.MySql.IntegrationTests\Tests\Models\GeneratedTypesTest.cs,91,4,M:System.TimeSpan.FromSeconds(System.Int64),,,,,await Task.Delay(TimeSpan.FromSeconds(1));
Api.0002,Source incompatible for selected .NET version,Active,Potential,1,test\EFCore.MySql.IntegrationTests\EFCore.MySql.IntegrationTests.csproj,File,test\EFCore.MySql.IntegrationTests\Tests\Models\GeneratedTypesTest.cs,89,4,M:System.TimeSpan.FromMilliseconds(System.Double),,,,,"Assert.InRange(gt.CreatedTimestamp6 - gt.CreatedTimestamp3, TimeSpan.Zero, TimeSpan.FromMilliseconds(0.999));"
Api.0002,Source incompatible for selected .NET version,Active,Potential,1,test\EFCore.MySql.IntegrationTests\EFCore.MySql.IntegrationTests.csproj,File,test\EFCore.MySql.IntegrationTests\Tests\Models\GeneratedTypesTest.cs,88,4,"M:System.TimeSpan.FromMilliseconds(System.Int64,System.Int64)",,,,,"Assert.InRange(gt.CreatedTimestamp3 - gt.CreatedTimestamp, TimeSpan.Zero, TimeSpan.FromMilliseconds(999));"
Api.0002,Source incompatible for selected .NET version,Active,Potential,1,test\EFCore.MySql.IntegrationTests\EFCore.MySql.IntegrationTests.csproj,File,test\EFCore.MySql.IntegrationTests\Tests\Models\GeneratedTypesTest.cs,86,4,M:System.TimeSpan.FromMilliseconds(System.Double),,,,,"Assert.InRange(gt.CreatedDateTime6 - gt.CreatedDateTime3, TimeSpan.Zero, TimeSpan.FromMilliseconds(0.999));"
Api.0002,Source incompatible for selected .NET version,Active,Potential,1,test\EFCore.MySql.IntegrationTests\EFCore.MySql.IntegrationTests.csproj,File,test\EFCore.MySql.IntegrationTests\Tests\Models\GeneratedTypesTest.cs,85,4,"M:System.TimeSpan.FromMilliseconds(System.Int64,System.Int64)",,,,,"Assert.InRange(gt.CreatedDateTime3 - gt.CreatedDateTime, TimeSpan.Zero, TimeSpan.FromMilliseconds(999));"
Api.0002,Source incompatible for selected .NET version,Active,Potential,1,test\EFCore.MySql.IntegrationTests\EFCore.MySql.IntegrationTests.csproj,File,test\EFCore.MySql.IntegrationTests\Tests\Models\GeneratedTypesTest.cs,38,11,M:System.TimeSpan.FromSeconds(System.Int64),,,,,"Assert.InRange(guidDateTime - DateTime.UtcNow, TimeSpan.FromSeconds(-5), TimeSpan.FromSeconds(5));"
Api.0002,Source incompatible for selected .NET version,Active,Potential,1,test\EFCore.MySql.IntegrationTests\EFCore.MySql.IntegrationTests.csproj,File,test\EFCore.MySql.IntegrationTests\Tests\Models\GeneratedTypesTest.cs,38,11,M:System.TimeSpan.FromSeconds(System.Int64),,,,,"Assert.InRange(guidDateTime - DateTime.UtcNow, TimeSpan.FromSeconds(-5), TimeSpan.FromSeconds(5));"
Api.0002,Source incompatible for selected .NET version,Active,Potential,1,test\EFCore.MySql.IntegrationTests\EFCore.MySql.IntegrationTests.csproj,File,test\EFCore.MySql.IntegrationTests\Tests\Models\GeneratedTypesTest.cs,24,3,"M:System.String.Join(System.String,System.ReadOnlySpan{System.String})",,,,,"var addressFormatted = string.Join("", "", address, city, state, zip);"
Api.0002,Source incompatible for selected .NET version,Active,Potential,1,test\EFCore.MySql.IntegrationTests\EFCore.MySql.IntegrationTests.csproj,File,test\EFCore.MySql.IntegrationTests\Program.cs,43,8,T:Microsoft.AspNetCore.Hosting.IWebHost,,,,,public static IWebHost BuildWebHost(string[] args)
Api.0002,Source incompatible for selected .NET version,Active,Potential,1,test\EFCore.MySql.IntegrationTests\EFCore.MySql.IntegrationTests.csproj,File,test\EFCore.MySql.IntegrationTests\Program.cs,45,12,T:Microsoft.AspNetCore.WebHost,,,,,"return WebHost.CreateDefaultBuilder(args)                  .UseUrls(""http://*:5000"")                  .UseStartup<Startup>()                  .Build();"
Api.0002,Source incompatible for selected .NET version,Active,Potential,1,test\EFCore.MySql.IntegrationTests\EFCore.MySql.IntegrationTests.csproj,File,test\EFCore.MySql.IntegrationTests\Program.cs,45,12,T:Microsoft.AspNetCore.Hosting.IWebHost,,,,,"return WebHost.CreateDefaultBuilder(args)                  .UseUrls(""http://*:5000"")                  .UseStartup<Startup>()                  .Build();"
Api.0003,Behavioral change in selected .NET version,Active,Potential,1,test\EFCore.MySql.IntegrationTests\EFCore.MySql.IntegrationTests.csproj,File,test\EFCore.MySql.IntegrationTests\Program.cs,21,16,M:Microsoft.Extensions.Logging.ConsoleLoggerExtensions.AddConsole(Microsoft.Extensions.Logging.ILoggingBuilder),,,,,"serviceCollection                      .AddLogging(builder =>                          builder                              .AddConfiguration(AppConfig.Config.GetSection(""Logging""))                              .AddConsole()                      )                      .AddSingleton<ICommandRunner, CommandRunner>()                      .AddSingleton<IConnectionStringCommand, ConnectionStringCommand>()                      .AddSingleton<ITestMigrateCommand, TestMigrateCommand>()                      .AddSingleton<ITestPerformanceCommand, TestPerformanceCommand>();"
Api.0002,Source incompatible for selected .NET version,Active,Potential,1,test\EFCore.MySql.IntegrationTests\EFCore.MySql.IntegrationTests.csproj,File,test\EFCore.MySql.IntegrationTests\Program.cs,16,13,T:Microsoft.AspNetCore.Hosting.IWebHost,,,,,BuildWebHost(args).Run();
Api.0003,Behavioral change in selected .NET version,Active,Potential,1,test\EFCore.MySql.IntegrationTests\EFCore.MySql.IntegrationTests.csproj,File,test\EFCore.MySql.IntegrationTests\AppDbScope.cs,13,16,M:Microsoft.Extensions.Logging.ConsoleLoggerExtensions.AddConsole(Microsoft.Extensions.Logging.ILoggingBuilder),,,,,"serviceCollection                      .AddLogging(builder =>                          builder                              .AddConfiguration(AppConfig.Config.GetSection(""Logging""))                              .AddConsole()                      );"
Api.0002,Source incompatible for selected .NET version,Active,Potential,1,test\EFCore.MySql.IntegrationTests\EFCore.MySql.IntegrationTests.csproj,File,test\EFCore.MySql.IntegrationTests\Startup.cs,64,28,M:System.TimeSpan.FromSeconds(System.Int64),,,,,"mysqlOptions.EnableRetryOnFailure(AppConfig.EfRetryOnFailure, TimeSpan.FromSeconds(5), null);"
Api.0003,Behavioral change in selected .NET version,Active,Potential,1,test\EFCore.MySql.IntegrationTests\EFCore.MySql.IntegrationTests.csproj,File,test\EFCore.MySql.IntegrationTests\Startup.cs,37,12,M:Microsoft.Extensions.Logging.ConsoleLoggerExtensions.AddConsole(Microsoft.Extensions.Logging.ILoggingBuilder),,,,,"services                  .AddLogging(builder =>                      builder                          .AddConfiguration(AppConfig.Config.GetSection(""Logging""))                          .AddConsole()                          .AddDebug()                  )                  .AddIdentity<AppIdentityUser, IdentityRole>()                  .AddEntityFrameworkStores<AppDb>()                  .AddDefaultTokenProviders();"
Api.0002,Source incompatible for selected .NET version,Active,Potential,1,test\EFCore.MySql.IntegrationTests\EFCore.MySql.IntegrationTests.csproj,File,test\EFCore.MySql.IntegrationTests\Startup.cs,37,12,T:Microsoft.Extensions.DependencyInjection.IdentityEntityFrameworkBuilderExtensions,,,,,"services                  .AddLogging(builder =>                      builder                          .AddConfiguration(AppConfig.Config.GetSection(""Logging""))                          .AddConsole()                          .AddDebug()                  )                  .AddIdentity<AppIdentityUser, IdentityRole>()                  .AddEntityFrameworkStores<AppDb>()                  .AddDefaultTokenProviders();"
Api.0002,Source incompatible for selected .NET version,Active,Potential,1,test\EFCore.MySql.IntegrationTests\EFCore.MySql.IntegrationTests.csproj,File,test\EFCore.MySql.IntegrationTests\Startup.cs,37,12,M:Microsoft.Extensions.DependencyInjection.IdentityEntityFrameworkBuilderExtensions.AddEntityFrameworkStores``1(Microsoft.AspNetCore.Identity.IdentityBuilder),,,,,"services                  .AddLogging(builder =>                      builder                          .AddConfiguration(AppConfig.Config.GetSection(""Logging""))                          .AddConsole()                          .AddDebug()                  )                  .AddIdentity<AppIdentityUser, IdentityRole>()                  .AddEntityFrameworkStores<AppDb>()                  .AddDefaultTokenProviders();"
NuGet.0002,NuGet package upgrade is recommended,Active,Potential,1,src\EFCore.MySql.Json.Microsoft\EFCore.MySql.Json.Microsoft.csproj,File,src\EFCore.MySql.Json.Microsoft\EFCore.MySql.Json.Microsoft.csproj,,,Microsoft.EntityFrameworkCore.Relational 9.0.0,,,,,"Microsoft.EntityFrameworkCore.Relational, 9.0.0  Recommendation:  Remove Microsoft.EntityFrameworkCore.Relational, and replace with new package Microsoft.EntityFrameworkCore.Relational 10.0.5"
Project.0002,Project's target framework(s) needs to be changed,Active,Mandatory,1,src\EFCore.MySql.Json.Microsoft\EFCore.MySql.Json.Microsoft.csproj,File,src\EFCore.MySql.Json.Microsoft\EFCore.MySql.Json.Microsoft.csproj,,,,,,,,Current target framework: net8.0 Recommended target framework: net10.0
Api.0003,Behavioral change in selected .NET version,Active,Potential,1,src\EFCore.MySql.Json.Microsoft\EFCore.MySql.Json.Microsoft.csproj,File,src\EFCore.MySql.Json.Microsoft\Storage\ValueConversion\Internal\MySqlJsonMicrosoftJsonDocumentValueConverter.cs,29,8,T:System.Text.Json.JsonDocument,,,,,public static JsonDocument ConvertFromProviderCore(string v)
Api.0003,Behavioral change in selected .NET version,Active,Potential,1,src\EFCore.MySql.Json.Microsoft\EFCore.MySql.Json.Microsoft.csproj,File,src\EFCore.MySql.Json.Microsoft\Storage\ValueConversion\Internal\MySqlJsonMicrosoftJsonDocumentValueConverter.cs,30,15,T:System.Text.Json.JsonDocument,,,,,JsonDocument.Parse(v)
Api.0003,Behavioral change in selected .NET version,Active,Potential,1,src\EFCore.MySql.Json.Microsoft\EFCore.MySql.Json.Microsoft.csproj,File,src\EFCore.MySql.Json.Microsoft\Storage\ValueConversion\Internal\MySqlJsonMicrosoftJsonDocumentValueConverter.cs,30,15,T:System.Text.Json.JsonDocument,,,,,JsonDocument.Parse(v)
Api.0003,Behavioral change in selected .NET version,Active,Potential,1,src\EFCore.MySql.Json.Microsoft\EFCore.MySql.Json.Microsoft.csproj,File,src\EFCore.MySql.Json.Microsoft\Storage\ValueConversion\Internal\MySqlJsonMicrosoftJsonDocumentValueConverter.cs,20,8,T:System.Text.Json.JsonDocument,,,,,public static string ConvertToProviderCore(JsonDocument v)
Api.0003,Behavioral change in selected .NET version,Active,Potential,1,src\EFCore.MySql.Json.Microsoft\EFCore.MySql.Json.Microsoft.csproj,File,src\EFCore.MySql.Json.Microsoft\Storage\ValueConversion\Internal\MySqlJsonMicrosoftJsonDocumentValueConverter.cs,16,21,T:System.Text.Json.JsonDocument,,,,,ConvertFromProviderCore(v)
Api.0003,Behavioral change in selected .NET version,Active,Potential,1,src\EFCore.MySql.Json.Microsoft\EFCore.MySql.Json.Microsoft.csproj,File,src\EFCore.MySql.Json.Microsoft\Storage\ValueConversion\Internal\MySqlJsonMicrosoftJsonDocumentValueConverter.cs,16,21,T:System.Text.Json.JsonDocument,,,,,ConvertFromProviderCore(v)
Api.0003,Behavioral change in selected .NET version,Active,Potential,1,src\EFCore.MySql.Json.Microsoft\EFCore.MySql.Json.Microsoft.csproj,File,src\EFCore.MySql.Json.Microsoft\Storage\ValueConversion\Internal\MySqlJsonMicrosoftStringValueConverter.cs,30,12,T:System.Text.Json.JsonDocument,,,,,JsonDocument.Parse(v)                  .WriteTo(writer);
Api.0003,Behavioral change in selected .NET version,Active,Potential,1,src\EFCore.MySql.Json.Microsoft\EFCore.MySql.Json.Microsoft.csproj,File,src\EFCore.MySql.Json.Microsoft\Storage\ValueConversion\Internal\MySqlJsonMicrosoftStringValueConverter.cs,30,12,T:System.Text.Json.JsonDocument,,,,,JsonDocument.Parse(v)                  .WriteTo(writer);
Api.0003,Behavioral change in selected .NET version,Active,Potential,1,src\EFCore.MySql.Json.Microsoft\EFCore.MySql.Json.Microsoft.csproj,File,src\EFCore.MySql.Json.Microsoft\Storage\ValueConversion\Internal\MySqlJsonMicrosoftJsonElementValueConverter.cs,27,15,T:System.Text.Json.JsonDocument,,,,,JsonDocument.Parse(v)
Api.0003,Behavioral change in selected .NET version,Active,Potential,1,src\EFCore.MySql.Json.Microsoft\EFCore.MySql.Json.Microsoft.csproj,File,src\EFCore.MySql.Json.Microsoft\Storage\ValueConversion\Internal\MySqlJsonMicrosoftJsonElementValueConverter.cs,27,15,T:System.Text.Json.JsonDocument,,,,,JsonDocument.Parse(v)
NuGet.0002,NuGet package upgrade is recommended,Active,Potential,1,src\EFCore.MySql.Json.Newtonsoft\EFCore.MySql.Json.Newtonsoft.csproj,File,src\EFCore.MySql.Json.Newtonsoft\EFCore.MySql.Json.Newtonsoft.csproj,,,Microsoft.Extensions.DependencyInjection 9.0.0,,,,,"Microsoft.Extensions.DependencyInjection, 9.0.0  Recommendation:  Remove Microsoft.Extensions.DependencyInjection, and replace with new package Microsoft.Extensions.DependencyInjection 10.0.5"
NuGet.0002,NuGet package upgrade is recommended,Active,Potential,1,src\EFCore.MySql.Json.Newtonsoft\EFCore.MySql.Json.Newtonsoft.csproj,File,src\EFCore.MySql.Json.Newtonsoft\EFCore.MySql.Json.Newtonsoft.csproj,,,Newtonsoft.Json 13.0.3,,,,,"Newtonsoft.Json, 13.0.3  Recommendation:  Remove Newtonsoft.Json, and replace with new package Newtonsoft.Json 13.0.4"
NuGet.0002,NuGet package upgrade is recommended,Active,Potential,1,src\EFCore.MySql.Json.Newtonsoft\EFCore.MySql.Json.Newtonsoft.csproj,File,src\EFCore.MySql.Json.Newtonsoft\EFCore.MySql.Json.Newtonsoft.csproj,,,Microsoft.EntityFrameworkCore.Relational 9.0.0,,,,,"Microsoft.EntityFrameworkCore.Relational, 9.0.0  Recommendation:  Remove Microsoft.EntityFrameworkCore.Relational, and replace with new package Microsoft.EntityFrameworkCore.Relational 10.0.5"
Project.0002,Project's target framework(s) needs to be changed,Active,Mandatory,1,src\EFCore.MySql.Json.Newtonsoft\EFCore.MySql.Json.Newtonsoft.csproj,File,src\EFCore.MySql.Json.Newtonsoft\EFCore.MySql.Json.Newtonsoft.csproj,,,,,,,,Current target framework: net8.0 Recommended target framework: net10.0
NuGet.0002,NuGet package upgrade is recommended,Active,Potential,1,src\EFCore.MySql.NTS\EFCore.MySql.NTS.csproj,File,src\EFCore.MySql.NTS\EFCore.MySql.NTS.csproj,,,Microsoft.Extensions.DependencyInjection 9.0.0,,,,,"Microsoft.Extensions.DependencyInjection, 9.0.0  Recommendation:  Remove Microsoft.Extensions.DependencyInjection, and replace with new package Microsoft.Extensions.DependencyInjection 10.0.5"
NuGet.0002,NuGet package upgrade is recommended,Active,Potential,1,src\EFCore.MySql.NTS\EFCore.MySql.NTS.csproj,File,src\EFCore.MySql.NTS\EFCore.MySql.NTS.csproj,,,Microsoft.EntityFrameworkCore.Relational 9.0.0,,,,,"Microsoft.EntityFrameworkCore.Relational, 9.0.0  Recommendation:  Remove Microsoft.EntityFrameworkCore.Relational, and replace with new package Microsoft.EntityFrameworkCore.Relational 10.0.5"
Project.0002,Project's target framework(s) needs to be changed,Active,Mandatory,1,src\EFCore.MySql.NTS\EFCore.MySql.NTS.csproj,File,src\EFCore.MySql.NTS\EFCore.MySql.NTS.csproj,,,,,,,,Current target framework: net8.0 Recommended target framework: net10.0
NuGet.0002,NuGet package upgrade is recommended,Active,Potential,1,test\EFCore.MySql.Tests\EFCore.MySql.Tests.csproj,File,test\EFCore.MySql.Tests\EFCore.MySql.Tests.csproj,,,Microsoft.Extensions.DependencyModel 9.0.0,,,,,"Microsoft.Extensions.DependencyModel, 9.0.0  Recommendation:  Remove Microsoft.Extensions.DependencyModel, and replace with new package Microsoft.Extensions.DependencyModel 10.0.5"
NuGet.0002,NuGet package upgrade is recommended,Active,Potential,1,test\EFCore.MySql.Tests\EFCore.MySql.Tests.csproj,File,test\EFCore.MySql.Tests\EFCore.MySql.Tests.csproj,,,Newtonsoft.Json 13.0.3,,,,,"Newtonsoft.Json, 13.0.3  Recommendation:  Remove Newtonsoft.Json, and replace with new package Newtonsoft.Json 13.0.4"
NuGet.0002,NuGet package upgrade is recommended,Active,Potential,1,test\EFCore.MySql.Tests\EFCore.MySql.Tests.csproj,File,test\EFCore.MySql.Tests\EFCore.MySql.Tests.csproj,,,Microsoft.EntityFrameworkCore.Design 9.0.0,,,,,"Microsoft.EntityFrameworkCore.Design, 9.0.0  Recommendation:  Remove Microsoft.EntityFrameworkCore.Design, and replace with new package Microsoft.EntityFrameworkCore.Design 10.0.5"
NuGet.0002,NuGet package upgrade is recommended,Active,Potential,1,test\EFCore.MySql.Tests\EFCore.MySql.Tests.csproj,File,test\EFCore.MySql.Tests\EFCore.MySql.Tests.csproj,,,Microsoft.EntityFrameworkCore.Relational 9.0.0,,,,,"Microsoft.EntityFrameworkCore.Relational, 9.0.0  Recommendation:  Remove Microsoft.EntityFrameworkCore.Relational, and replace with new package Microsoft.EntityFrameworkCore.Relational 10.0.5"
NuGet.0002,NuGet package upgrade is recommended,Active,Potential,1,test\EFCore.MySql.Tests\EFCore.MySql.Tests.csproj,File,test\EFCore.MySql.Tests\EFCore.MySql.Tests.csproj,,,Microsoft.EntityFrameworkCore.Relational.Specification.Tests 9.0.0,,,,,"Microsoft.EntityFrameworkCore.Relational.Specification.Tests, 9.0.0  Recommendation:  Remove Microsoft.EntityFrameworkCore.Relational.Specification.Tests, and replace with new package Microsoft.EntityFrameworkCore.Relational.Specification.Tests 10.0.5"
Project.0002,Project's target framework(s) needs to be changed,Active,Mandatory,1,test\EFCore.MySql.Tests\EFCore.MySql.Tests.csproj,File,test\EFCore.MySql.Tests\EFCore.MySql.Tests.csproj,,,,,,,,Current target framework: net9.0 Recommended target framework: net10.0
Api.0002,Source incompatible for selected .NET version,Active,Potential,1,test\EFCore.MySql.Tests\EFCore.MySql.Tests.csproj,File,test\EFCore.MySql.Tests\TestUtilities\BuildReference.cs,35,12,T:Microsoft.Extensions.DependencyModel.CompilationLibrary,,,,,var references = (from l in DependencyContext.Default.CompileLibraries                                from r in l.ResolveReferencePaths()                                where IOPath.GetFileNameWithoutExtension(r) == name                                select MetadataReference.CreateFromFile(r)).ToList();
Api.0002,Source incompatible for selected .NET version,Active,Potential,1,test\EFCore.MySql.Tests\EFCore.MySql.Tests.csproj,File,test\EFCore.MySql.Tests\TestUtilities\BuildReference.cs,35,12,M:Microsoft.Extensions.DependencyModel.CompilationLibrary.ResolveReferencePaths,,,,,var references = (from l in DependencyContext.Default.CompileLibraries                                from r in l.ResolveReferencePaths()                                where IOPath.GetFileNameWithoutExtension(r) == name                                select MetadataReference.CreateFromFile(r)).ToList();
Api.0002,Source incompatible for selected .NET version,Active,Potential,1,test\EFCore.MySql.Tests\EFCore.MySql.Tests.csproj,File,test\EFCore.MySql.Tests\TestUtilities\BuildReference.cs,35,12,T:Microsoft.Extensions.DependencyModel.DependencyContext,,,,,var references = (from l in DependencyContext.Default.CompileLibraries                                from r in l.ResolveReferencePaths()                                where IOPath.GetFileNameWithoutExtension(r) == name                                select MetadataReference.CreateFromFile(r)).ToList();
Api.0002,Source incompatible for selected .NET version,Active,Potential,1,test\EFCore.MySql.Tests\EFCore.MySql.Tests.csproj,File,test\EFCore.MySql.Tests\TestUtilities\BuildReference.cs,35,12,T:Microsoft.Extensions.DependencyModel.DependencyContext,,,,,var references = (from l in DependencyContext.Default.CompileLibraries                                from r in l.ResolveReferencePaths()                                where IOPath.GetFileNameWithoutExtension(r) == name                                select MetadataReference.CreateFromFile(r)).ToList();
Api.0002,Source incompatible for selected .NET version,Active,Potential,1,test\EFCore.MySql.Tests\EFCore.MySql.Tests.csproj,File,test\EFCore.MySql.Tests\TestUtilities\BuildReference.cs,35,12,P:Microsoft.Extensions.DependencyModel.DependencyContext.Default,,,,,var references = (from l in DependencyContext.Default.CompileLibraries                                from r in l.ResolveReferencePaths()                                where IOPath.GetFileNameWithoutExtension(r) == name                                select MetadataReference.CreateFromFile(r)).ToList();
Api.0002,Source incompatible for selected .NET version,Active,Potential,1,test\EFCore.MySql.Tests\EFCore.MySql.Tests.csproj,File,test\EFCore.MySql.Tests\TestUtilities\BuildReference.cs,35,12,P:Microsoft.Extensions.DependencyModel.DependencyContext.CompileLibraries,,,,,var references = (from l in DependencyContext.Default.CompileLibraries                                from r in l.ResolveReferencePaths()                                where IOPath.GetFileNameWithoutExtension(r) == name                                select MetadataReference.CreateFromFile(r)).ToList();
Project.0002,Project's target framework(s) needs to be changed,Active,Mandatory,1,tools\QueryBaselineUpdater\QueryBaselineUpdater.csproj,File,tools\QueryBaselineUpdater\QueryBaselineUpdater.csproj,,,,,,,,Current target framework: net9.0 Recommended target framework: net10.0
